<?xml version="1.0" encoding="UTF-8"?>
<project-private xmlns="http://www.netbeans.org/ns/project-private/1">
    <editor-bookmarks xmlns="http://www.netbeans.org/ns/editor-bookmarks/2" lastBookmarkId="0"/>
    <open-files xmlns="http://www.netbeans.org/ns/projectui-open-files/2">
        <group>
            <file>file:/E:/java/Parallel_Project_187054/src/com/dao/DAO.java</file>
            <file>file:/E:/java/Parallel_Project_187054/src/com/bean/Customer.java</file>
            <file>file:/E:/java/Parallel_Project_187054/src/com/ui/Menu.java</file>
            <file>file:/E:/java/Parallel_Project_187054/src/com/exception/UserDefineException.java</file>
            <file>file:/E:/java/Parallel_Project_187054/src/com/service/Service.java</file>
        </group>
    </open-files>
</project-private>
